s_measuretime,s_rmsx,s_rmsy,s_rmsz
2022-11-23 10:05,0.4747,0.24819,0.48077
2022-11-23 10:06,0.48144,0.25221,0.47297
2022-11-23 10:07,0.4738,0.25211,0.48737
2022-11-23 10:08,0.49006,0.25174,0.4941
2022-11-23 10:09,0.49657,0.24527,0.49117
2022-11-23 10:10,0.48165,0.24586,0.47116
2022-11-23 10:11,0.48567,0.251,0.47116
2022-11-23 10:12,0.47082,0.24923,0.47482
2022-11-23 10:13,0.48705,0.24542,0.47304
2022-11-23 10:14,0.49164,0.24509,0.47703
2022-11-23 10:15,0.49609,0.24665,0.47804
2022-11-23 10:16,0.49268,0.2495,0.47924
2022-11-23 10:17,0.49368,0.25183,0.48879
2022-11-23 10:18,0.49018,0.248,0.48217
2022-11-23 10:19,0.4744,0.25024,0.48864
2022-11-23 10:20,0.47803,0.2486,0.48614
2022-11-23 10:21,0.49403,0.24688,0.47681
2022-11-23 10:22,0.49108,0.24601,0.48605
2022-11-23 10:23,0.49775,0.24947,0.48468
2022-11-23 10:24,0.47734,0.25139,0.48801
2022-11-23 10:25,0.48922,0.25078,0.49308
2022-11-23 10:26,0.48235,0.25285,0.49025
2022-11-23 10:27,0.4956,0.25412,0.49298
2022-11-23 10:28,0.47978,0.25749,0.48296
2022-11-23 10:29,0.48416,0.25169,0.48737
2022-11-23 10:30,0.48098,0.25607,0.49112
2022-11-23 10:31,0.47875,0.25718,0.48868
2022-11-23 10:32,0.48663,0.25494,0.49678
2022-11-23 10:33,0.49674,0.26091,0.48932
2022-11-23 10:34,0.49479,0.2577,0.49968
2022-11-23 10:35,0.47892,0.25678,0.49361
2022-11-23 10:36,0.4809,0.25616,0.49259
2022-11-23 10:37,0.49365,0.25979,0.50322
2022-11-23 10:38,0.50499,0.26213,0.49029
2022-11-23 10:39,0.4928,0.26289,0.4947
2022-11-23 10:40,0.49837,0.26153,0.50554
2022-11-23 10:41,0.511,0.25868,0.50252
2022-11-23 10:42,0.49729,0.26541,0.49518
2022-11-23 10:43,0.48988,0.26239,0.49211
2022-11-23 10:44,0.509,0.2578,0.49508
2022-11-23 10:45,0.49727,0.25762,0.50003
2022-11-23 10:46,0.48636,0.26387,0.49872
2022-11-23 10:47,0.51014,0.2556,0.4973
2022-11-23 10:48,0.50414,0.25628,0.50268
2022-11-23 10:49,0.50725,0.25936,0.50441
2022-11-23 10:50,0.5056,0.25863,0.4956
2022-11-23 10:51,0.49401,0.25716,0.49626
2022-11-23 10:52,0.50676,0.26027,0.49241
2022-11-23 10:53,0.48271,0.25812,0.49277
2022-11-23 10:54,0.5067,0.25496,0.49022
2022-11-23 10:55,0.48302,0.25835,0.49135
2022-11-23 10:56,0.49696,0.25916,0.49846
2022-11-23 10:57,0.48442,0.25593,0.49474
2022-11-23 10:58,0.50313,0.26103,0.48694
2022-11-23 10:59,0.50237,0.25824,0.49549
2022-11-23 11:00,0.4869,0.26534,0.4962
2022-11-23 11:01,0.49108,0.26258,0.49326
2022-11-23 11:02,0.49509,0.26545,0.50131
2022-11-23 11:03,0.4971,0.26317,0.49057
2022-11-23 11:04,0.48991,0.26079,0.50255
2022-11-23 11:05,0.4867,0.26162,0.49949
2022-11-23 11:06,0.48802,0.2612,0.50563
2022-11-23 11:07,0.4881,0.26299,0.4899
2022-11-23 11:08,0.50802,0.25573,0.49606
2022-11-23 11:09,0.50424,0.25888,0.48871
2022-11-23 11:10,0.49923,0.2617,0.48872
2022-11-23 11:11,0.48623,0.26355,0.49465
2022-11-23 11:12,0.49488,0.26272,0.50071
2022-11-23 11:13,0.4872,0.26035,0.50192
2022-11-23 11:14,0.49811,0.25931,0.48593
2022-11-23 11:15,0.49408,0.26087,0.50218
2022-11-23 11:16,0.49494,0.26176,0.50307
2022-11-23 11:17,0.4937,0.2586,0.50714
2022-11-23 11:18,0.5089,0.26383,0.49718
2022-11-23 11:19,0.48874,0.26187,0.50727
2022-11-23 11:20,0.48686,0.25711,0.50073
2022-11-23 11:21,0.49047,0.25857,0.49243
2022-11-23 11:22,0.4927,0.26095,0.50436
2022-11-23 11:23,0.4968,0.26043,0.50025
2022-11-23 11:24,0.48781,0.26181,0.50753
2022-11-23 11:25,0.48656,0.26046,0.50033
2022-11-23 11:26,0.50941,0.25935,0.50125
2022-11-23 11:27,0.5042,0.26514,0.5081
2022-11-23 11:28,0.49164,0.25986,0.50683
2022-11-23 11:29,0.51054,0.25928,0.49633
2022-11-23 11:30,0.49218,0.26219,0.50185
2022-11-23 11:31,0.50964,0.26125,0.49838
2022-11-23 11:32,0.48788,0.26381,0.50077
2022-11-23 11:33,0.52034,0.26306,0.50012
2022-11-23 11:34,0.49439,0.26558,0.50126
2022-11-23 11:35,0.50016,0.26747,0.51392
2022-11-23 11:36,0.50721,0.26569,0.51913
2022-11-23 11:37,0.49971,0.2669,0.51015
2022-11-23 11:38,0.49638,0.26364,0.50022
2022-11-23 11:39,0.5944,0.26481,0.59088
2022-11-23 11:40,0.59012,0.26214,0.59267
2022-11-23 11:41,0.5942,0.25868,0.59009
2022-11-23 11:42,0.61033,0.26088,0.59629
2022-11-23 11:43,0.59147,0.26234,0.59438
2022-11-23 11:44,0.59062,0.26328,0.58695
2022-11-23 11:44,0.59099,0.26146,0.5938
2022-11-23 11:45,0.61607,0.25985,0.58989
2022-11-23 11:46,0.59364,0.26251,0.58642
2022-11-23 11:47,0.59113,0.26196,0.58542
2022-11-23 11:48,0.58609,0.26192,0.58089
2022-11-23 11:49,0.58662,0.26034,0.58664
2022-11-23 11:50,0.58649,0.26158,0.58746
2022-11-23 11:51,0.59301,0.26381,0.59356
2022-11-23 11:52,0.60123,0.25742,0.57773
2022-11-23 11:53,0.58883,0.26054,0.58732
2022-11-23 11:54,0.60394,0.25853,0.59005
2022-11-23 11:55,0.61246,0.25732,0.57537
2022-11-23 11:56,0.59052,0.26049,0.59095
2022-11-23 11:57,0.59167,0.25977,0.58298
2022-11-23 11:58,0.59605,0.26327,0.59059
2022-11-23 11:59,0.5953,0.26107,0.59386
2022-11-23 12:00,0.59141,0.26345,0.59107
2022-11-23 12:01,0.58783,0.26035,0.58847
2022-11-23 12:02,0.59998,0.26378,0.59203
2022-11-23 12:03,0.60359,0.26563,0.59615
2022-11-23 12:04,0.61853,0.26452,0.58723
2022-11-23 12:05,0.5973,0.26895,0.59808
2022-11-23 12:06,0.60558,0.26493,0.596
2022-11-23 12:07,0.6006,0.26424,0.60692
2022-11-23 12:08,0.6157,0.26579,0.61085
2022-11-23 12:09,0.60428,0.26698,0.60433
2022-11-23 12:10,0.61085,0.26791,0.59862
2022-11-23 12:11,0.60668,0.26762,0.6099
2022-11-23 12:12,0.60867,0.2654,0.59774
2022-11-23 12:13,0.60126,0.2661,0.6092
2022-11-23 12:14,0.62237,0.26273,0.61088
2022-11-23 12:15,0.61249,0.26945,0.61327
2022-11-23 12:16,0.60731,0.26507,0.60594
2022-11-23 12:17,0.63734,0.26936,0.60943
2022-11-23 12:18,0.61033,0.27,0.61424
2022-11-23 12:19,0.61484,0.27243,0.60306
2022-11-23 12:20,0.6301,0.27316,0.61478
2022-11-23 12:21,0.62661,0.27001,0.6047
2022-11-23 12:22,0.61734,0.26984,0.59842
2022-11-23 12:23,0.60505,0.27241,0.60539
2022-11-23 12:24,0.616,0.26821,0.59555
2022-11-23 12:25,0.62194,0.26884,0.60121
2022-11-23 12:26,0.61307,0.26972,0.60275
2022-11-23 12:27,0.60524,0.27495,0.5954
2022-11-23 12:28,0.61895,0.27353,0.59836
2022-11-23 12:29,0.61419,0.30872,0.60156
2022-11-23 12:30,0.61687,0.26823,0.60383
2022-11-23 12:31,0.61831,0.2696,0.60218
2022-11-23 12:32,0.61842,0.27351,0.60495
2022-11-23 12:33,0.62299,0.27398,0.60634
2022-11-23 12:34,0.61354,0.26994,0.60459
2022-11-23 12:35,0.61673,0.2725,0.61004
2022-11-23 12:36,0.62014,0.27261,0.60417
2022-11-23 12:37,0.61456,0.27604,0.60936
2022-11-23 12:38,0.61368,0.2744,0.60589
2022-11-23 12:39,0.61314,0.2699,0.6
2022-11-23 12:40,0.61356,0.2671,0.5949
2022-11-23 12:41,0.61585,0.26915,0.59668
2022-11-23 12:42,0.61748,0.26965,0.60165
2022-11-23 12:43,0.61391,0.27073,0.60162
2022-11-23 12:44,0.61757,0.27318,0.60067
2022-11-23 12:45,0.62344,0.27119,0.59913
2022-11-23 12:46,0.61076,0.26909,0.59303
2022-11-23 12:47,0.61651,0.27061,0.60274
2022-11-23 12:48,0.61051,0.27387,0.60112
2022-11-23 12:49,0.6188,0.26962,0.59928
2022-11-23 12:50,0.61007,0.2685,0.60154
2022-11-23 12:51,0.61868,0.26995,0.59562
2022-11-23 12:52,0.60702,0.26723,0.59839
2022-11-23 12:53,0.59938,0.26636,0.59728
2022-11-23 12:54,0.61691,0.26837,0.59759
2022-11-23 12:55,0.61721,0.26746,0.58833
2022-11-23 12:56,0.62365,0.2692,0.59874
2022-11-23 12:57,0.62558,0.27211,0.60703
2022-11-23 12:58,0.62496,0.27034,0.60203
2022-11-23 12:59,0.61695,0.27263,0.60794
2022-11-23 13:00,0.61887,0.27013,0.59908
2022-11-23 13:01,0.61662,0.27115,0.60762
2022-11-23 13:02,0.61859,0.27248,0.60092
2022-11-23 13:03,0.61483,0.26867,0.60692
2022-11-23 13:04,0.61206,0.27008,0.60183
2022-11-23 13:05,0.6117,0.26917,0.59969
2022-11-23 13:06,0.61687,0.26761,0.59919
2022-11-23 13:07,0.61867,0.27035,0.60095
2022-11-23 13:08,0.61014,0.26937,0.59457
2022-11-23 13:09,0.61936,0.27064,0.60424
2022-11-23 13:10,0.61222,0.26861,0.59006
2022-11-23 13:11,0.61518,0.2727,0.60805
2022-11-23 13:12,0.61885,0.27106,0.59775
2022-11-23 13:13,0.61878,0.27122,0.60127
2022-11-23 13:14,0.61342,0.26947,0.60796
2022-11-23 13:15,0.60757,0.26604,0.59591
2022-11-23 13:16,0.61126,0.27201,0.60519
2022-11-23 13:17,0.61579,0.27329,0.60981
2022-11-23 13:18,0.81263,0.29523,0.78692
2022-11-23 13:19,0.83261,0.29222,0.78597
2022-11-23 13:20,0.81947,0.29567,0.79395
2022-11-23 13:21,0.82096,0.2917,0.77731
2022-11-23 13:22,0.81468,0.29463,0.77254
2022-11-23 13:23,0.81792,0.29388,0.78646
2022-11-23 13:24,0.81653,0.29779,0.77844
2022-11-23 13:25,0.81407,0.29235,0.77402
2022-11-23 13:26,0.81208,0.29734,0.78897
2022-11-23 13:27,0.82005,0.29107,0.78022
2022-11-23 13:28,0.80673,0.29158,0.76891
2022-11-23 13:29,0.81081,0.28948,0.7758
2022-11-23 13:30,0.80816,0.2861,0.77149
2022-11-23 13:31,0.80171,0.29295,0.7743
2022-11-23 13:32,0.80367,0.29317,0.78164
2022-11-23 13:33,0.8025,0.28709,0.76546
2022-11-23 13:34,0.80012,0.28594,0.7675
2022-11-23 13:35,0.80525,0.29164,0.77257
2022-11-23 13:36,0.81396,0.2934,0.78062
2022-11-23 13:37,0.81221,0.29575,0.79042
2022-11-23 13:38,0.80166,0.29213,0.77403
2022-11-23 13:39,0.792,0.28474,0.75754
2022-11-23 13:40,0.79171,0.28797,0.76423
2022-11-23 13:41,0.7858,0.29104,0.76607
2022-11-23 13:42,0.7874,0.2862,0.76493
2022-11-23 13:43,0.79014,0.28732,0.76469
2022-11-23 13:44,0.7884,0.29232,0.76779
2022-11-23 13:45,0.78514,0.29102,0.76608
2022-11-23 13:46,0.79559,0.28911,0.76167
2022-11-23 13:47,0.79861,0.28698,0.76755
2022-11-23 13:48,0.79175,0.28525,0.75948
2022-11-23 13:49,0.78771,0.28474,0.75685
2022-11-23 13:50,0.79671,0.28211,0.76305
2022-11-23 13:51,0.78701,0.28705,0.76488
2022-11-23 13:52,0.79813,0.28742,0.76337
2022-11-23 13:53,0.78873,0.28104,0.76237
2022-11-23 13:54,0.78264,0.28446,0.75361
2022-11-23 13:55,0.78813,0.28829,0.76082
2022-11-23 13:56,0.7886,0.28168,0.76047
2022-11-23 13:57,0.79688,0.28179,0.75247
2022-11-23 13:58,0.787,0.28213,0.76311
2022-11-23 13:59,0.78361,0.28248,0.75444
2022-11-23 14:00,0.78275,0.28093,0.75481
2022-11-23 14:01,0.7803,0.27734,0.75696
2022-11-23 14:02,0.76972,0.2797,0.74413
2022-11-23 14:03,0.78226,0.27399,0.74377
2022-11-23 14:04,0.78585,0.28222,0.74808
2022-11-23 14:05,0.77943,0.28557,0.75609
2022-11-23 14:06,0.77932,0.28073,0.75994
2022-11-23 14:07,0.79787,0.27813,0.74823
2022-11-23 14:08,0.79483,0.27641,0.75036
2022-11-23 14:09,0.77477,0.27926,0.75029
2022-11-23 14:10,0.77239,0.27809,0.7437
2022-11-23 14:11,0.77487,0.2791,0.75086
2022-11-23 14:12,0.77632,0.27516,0.74764
2022-11-23 14:13,0.78687,0.28123,0.74598
2022-11-23 14:14,0.77446,0.28005,0.74039
2022-11-23 14:15,0.77752,0.28136,0.74089
2022-11-23 14:16,0.77948,0.28056,0.74823
2022-11-23 14:17,0.793,0.27983,0.75191
2022-11-23 14:18,0.7698,0.28024,0.7429
2022-11-23 14:19,0.78442,0.27402,0.75567
2022-11-23 14:20,0.76873,0.27682,0.74018
2022-11-23 14:21,0.79683,0.27227,0.7498
2022-11-23 14:22,0.77904,0.28065,0.75541
2022-11-23 14:23,0.79405,0.27298,0.74962
2022-11-23 14:24,0.77882,0.28029,0.73911
2022-11-23 14:25,0.79686,0.27812,0.75935
2022-11-23 14:26,0.77546,0.28107,0.75569
2022-11-23 14:27,0.78883,0.27864,0.7433
2022-11-23 14:28,0.78502,0.28095,0.75075
2022-11-23 14:29,0.79728,0.27744,0.75831
2022-11-23 14:30,0.79242,0.28339,0.75346
2022-11-23 14:31,0.79045,0.2854,0.76493
2022-11-23 14:32,0.78947,0.27934,0.75067
2022-11-23 14:33,0.77852,0.28118,0.75028
2022-11-23 14:34,0.77694,0.28286,0.75247
2022-11-23 14:35,0.78006,0.28026,0.74316
2022-11-23 14:36,0.77802,0.28427,0.75298
2022-11-23 14:37,0.78014,0.28187,0.75246
2022-11-23 14:38,0.78617,0.28087,0.7545
2022-11-23 14:39,0.77984,0.28313,0.75307
2022-11-23 14:40,0.77203,0.27986,0.75144
2022-11-23 14:41,0.78207,0.27655,0.73748
2022-11-23 14:42,0.76923,0.27748,0.74531
2022-11-23 14:43,0.76662,0.27792,0.73987
2022-11-23 14:44,0.76705,0.27723,0.74492
2022-11-23 14:45,0.77598,0.27341,0.72933
2022-11-23 14:46,0.75994,0.27463,0.74301
2022-11-23 14:47,0.77311,0.26778,0.73142
2022-11-23 14:48,0.75414,0.27356,0.73936
2022-11-23 14:49,0.76137,0.27099,0.74819
2022-11-23 14:50,0.76862,0.2712,0.7236
2022-11-23 14:51,0.77229,0.26663,0.73033
2022-11-23 14:52,0.75936,0.27586,0.73384
2022-11-23 14:53,0.77628,0.26929,0.72993
2022-11-23 14:54,0.7743,0.27029,0.74734
2022-11-23 14:55,0.75783,0.27403,0.73897
2022-11-23 14:56,1.27909,0.29328,1.19054
2022-11-23 14:57,1.29467,0.30902,1.19661
2022-11-23 14:58,1.30233,0.30289,1.20334
2022-11-23 14:59,1.31464,0.29882,1.20722
2022-11-23 15:00,1.30055,0.30009,1.20062
2022-11-23 15:01,1.31031,0.30214,1.20671
2022-11-23 15:02,1.30724,0.30653,1.20215
2022-11-23 15:03,1.29776,0.30391,1.21041
2022-11-23 15:04,1.30811,0.30699,1.2046
2022-11-23 15:05,1.30086,0.30479,1.21094
2022-11-23 15:06,1.30092,0.30023,1.20868
2022-11-23 15:07,1.30162,0.30231,1.20182
2022-11-23 15:08,1.30674,0.30059,1.20151
2022-11-23 15:09,1.30689,0.30367,1.21322
2022-11-23 15:10,1.30767,0.29934,1.20114
2022-11-23 15:11,1.29862,0.30244,1.2064
2022-11-23 15:12,1.29658,0.30279,1.20742
2022-11-23 15:13,1.30107,0.29678,1.18628
2022-11-23 15:14,1.30278,0.30135,1.20598
2022-11-23 15:15,1.30417,0.29804,1.2074
2022-11-23 15:16,1.30154,0.29887,1.2087
2022-11-23 15:17,1.29911,0.30124,1.19829
2022-11-23 15:18,1.28809,0.29746,1.20056
2022-11-23 15:19,1.30467,0.30218,1.1986
2022-11-23 15:20,1.30428,0.29853,1.20388
2022-11-23 15:21,1.30955,0.30634,1.21172
2022-11-23 15:22,1.30603,0.29767,1.20277
2022-11-23 15:23,1.30243,0.30074,1.20631
2022-11-23 15:24,1.30264,0.30865,1.20183
2022-11-23 15:25,1.30915,0.30208,1.19671
2022-11-23 15:26,1.30812,0.3073,1.20398
2022-11-23 15:27,1.30639,0.30649,1.20353
2022-11-23 15:28,1.31443,0.30931,1.2072
2022-11-23 15:29,1.32229,0.31461,1.2141
2022-11-23 15:30,1.3081,0.30762,1.20345
2022-11-23 15:31,1.31517,0.31095,1.21253
2022-11-23 15:32,1.30597,0.30596,1.20645
2022-11-23 15:33,1.3194,0.2967,1.21881
2022-11-23 15:34,1.30969,0.2997,1.20847
2022-11-23 15:35,1.32303,0.30069,1.21528
2022-11-23 15:36,1.31205,0.3046,1.21726
2022-11-23 15:37,1.31914,0.30645,1.21681
2022-11-23 15:38,1.32453,0.30779,1.21468
2022-11-23 15:39,1.31632,0.30723,1.21219
2022-11-23 15:40,1.30588,0.30864,1.21967
2022-11-23 15:41,1.30542,0.30303,1.21394
2022-11-23 15:42,1.31214,0.30128,1.20993
2022-11-23 15:43,1.31068,0.30127,1.21786
2022-11-23 15:44,1.32301,0.30717,1.2196
2022-11-23 15:45,1.30549,0.30372,1.20414
2022-11-23 15:46,1.29803,0.30582,1.20232
2022-11-23 15:47,1.30727,0.30079,1.20792
2022-11-23 15:48,1.29054,0.29939,1.20248
2022-11-23 15:49,1.29837,0.29734,1.19702
2022-11-23 15:50,1.30693,0.30172,1.20066
2022-11-23 15:51,1.29656,0.29956,1.20667
2022-11-23 15:52,1.29818,0.29988,1.19976
2022-11-23 15:53,1.30148,0.30162,1.20985
2022-11-23 15:54,1.22188,0.28193,1.13056
2022-11-23 15:55,1.22377,0.28027,1.13138
2022-11-23 15:56,1.23475,0.27936,1.13018
2022-11-23 15:57,1.22013,0.28105,1.1342
2022-11-23 15:58,1.22606,0.27917,1.12964
2022-11-23 15:59,1.21519,0.28089,1.12703
2022-11-23 16:00,1.21817,0.28219,1.13038
2022-11-23 16:01,1.20593,0.27604,1.12531
2022-11-23 16:02,1.20674,0.28116,1.11856
2022-11-23 16:03,1.20002,0.27745,1.10544
2022-11-23 16:04,1.20864,0.27504,1.10789
2022-11-23 16:05,1.21235,0.27668,1.12252
2022-11-23 16:06,1.20956,0.27971,1.12032
2022-11-23 16:07,1.2222,0.28047,1.12997
2022-11-23 16:08,1.22364,0.28447,1.14218
2022-11-23 16:09,1.22054,0.28376,1.1252
2022-11-23 16:10,1.22278,0.28825,1.12855
2022-11-23 16:11,1.22257,0.27956,1.12892
2022-11-23 16:12,1.2272,0.27905,1.12766
2022-11-23 16:13,1.20243,0.28147,1.12211
2022-11-23 16:14,1.217,0.28268,1.13191
2022-11-23 16:15,1.21197,0.28327,1.12949
2022-11-23 16:16,1.21767,0.28619,1.13354
2022-11-23 16:17,1.22362,0.2821,1.13062
2022-11-23 16:18,1.22397,0.28208,1.12522
2022-11-23 16:19,1.20863,0.27972,1.11444
2022-11-23 16:20,1.21429,0.28455,1.12549
2022-11-23 16:21,1.21184,0.28155,1.12789
2022-11-23 16:22,1.20205,0.2813,1.1197
2022-11-23 16:23,1.21423,0.2762,1.11902
2022-11-23 16:24,1.22064,0.28168,1.12253
2022-11-23 16:25,1.21497,0.28059,1.11464
2022-11-23 16:26,1.22474,0.28101,1.12477
2022-11-23 16:27,1.21512,0.28302,1.12865
2022-11-23 16:28,1.20784,0.28266,1.12221
2022-11-23 16:29,1.20456,0.28158,1.12287
2022-11-23 16:30,1.21159,0.28057,1.1208
2022-11-23 16:31,1.2177,0.28344,1.13683
2022-11-23 16:32,0.55943,0.37108,0.57785
2022-11-23 16:33,0.56114,0.37417,0.57642
2022-11-23 16:34,0.56582,0.46416,0.58093
2022-11-23 16:35,0.56153,0.46515,0.59558
2022-11-23 16:36,0.57609,0.46598,0.59153
2022-11-23 16:37,0.56979,0.46545,0.58707
2022-11-23 16:38,0.5566,0.46295,0.58845
2022-11-23 16:39,0.56263,0.46094,0.57836
2022-11-23 16:40,0.55376,0.45855,0.59074
2022-11-23 16:41,0.56828,0.46181,0.58087
2022-11-23 16:42,0.55696,0.46096,0.59314
2022-11-23 16:43,0.56385,0.46058,0.5937
2022-11-23 16:44,0.56396,0.46006,0.58159
2022-11-23 16:45,0.55013,0.46076,0.58908
2022-11-23 16:46,0.56843,0.45862,0.58169
2022-11-23 16:47,0.54953,0.46048,0.58536
2022-11-23 16:48,0.55159,0.45854,0.58742
2022-11-23 16:49,0.56448,0.45849,0.57132
2022-11-23 16:50,0.55612,0.45514,0.58095
2022-11-23 16:51,0.55311,0.45333,0.58301
2022-11-23 16:52,0.55536,0.46108,0.5934
2022-11-23 16:53,0.54684,0.45585,0.57492
2022-11-23 16:54,0.55526,0.46032,0.58754
2022-11-23 16:55,0.5629,0.46304,0.59275
2022-11-23 16:56,0.56404,0.46452,0.5893
2022-11-23 16:57,0.56223,0.46004,0.58288
2022-11-23 16:58,0.56301,0.46024,0.58649
2022-11-23 16:59,0.56183,0.45842,0.59185
2022-11-23 17:00,0.56981,0.46528,0.58859
2022-11-23 17:01,0.5722,0.46164,0.59228
2022-11-23 17:02,0.57648,0.46438,0.59155
2022-11-23 17:03,0.56972,0.46163,0.59739
2022-11-23 17:04,0.57038,0.46174,0.58766
2022-11-23 17:05,0.55921,0.46285,0.58457
2022-11-23 17:06,0.56406,0.46104,0.58728
2022-11-23 17:07,0.55724,0.45975,0.58774
2022-11-23 17:08,0.57169,0.46154,0.58226
2022-11-23 17:09,0.56373,0.46113,0.58156
2022-11-23 17:10,0.55933,0.45927,0.58677
2022-11-23 17:11,0.55781,0.4569,0.58099
2022-11-23 17:12,0.56486,0.4595,0.58951
2022-11-23 17:13,0.56007,0.45963,0.59107
2022-11-23 17:14,0.57372,0.46479,0.58947
2022-11-23 17:15,0.56953,0.46369,0.60285
2022-11-23 17:16,0.57182,0.46374,0.59836
2022-11-23 17:17,0.57529,0.46502,0.59001
2022-11-23 17:18,0.56378,0.46561,0.60211
2022-11-23 17:19,0.56638,0.46674,0.5966
2022-11-23 17:20,0.57448,0.46767,0.59878
2022-11-23 17:21,0.57273,0.4678,0.59721
2022-11-23 17:22,0.56272,0.46156,0.59639
2022-11-23 17:23,0.56589,0.46505,0.59651
2022-11-23 17:24,0.55904,0.45567,0.58557
2022-11-23 17:25,0.56473,0.46087,0.58827
2022-11-23 17:26,0.56334,0.46234,0.59898
2022-11-23 17:27,0.56744,0.46391,0.60142
2022-11-23 17:28,0.57203,0.4652,0.60327
2022-11-23 17:29,0.5641,0.46448,0.59732
2022-11-23 17:30,0.56935,0.46573,0.5879
2022-11-23 17:31,0.56685,0.46168,0.5888
2022-11-23 17:32,0.57053,0.4618,0.58894
2022-11-23 17:33,0.56879,0.46534,0.5897
2022-11-23 17:34,0.56279,0.46202,0.5878
2022-11-23 17:35,0.55817,0.45948,0.58801
2022-11-23 17:36,0.56309,0.45865,0.58575
2022-11-23 17:37,0.55552,0.45499,0.5698
2022-11-23 17:38,0.55781,0.45597,0.58162
2022-11-23 17:39,0.54915,0.45213,0.58316
2022-11-23 17:40,0.55229,0.4531,0.57953
2022-11-23 17:41,0.56308,0.46338,0.58027
2022-11-23 17:42,0.56863,0.46599,0.59139
2022-11-23 17:43,0.56593,0.46318,0.58693
2022-11-23 17:44,0.57046,0.46356,0.58399
2022-11-23 17:45,0.569,0.46498,0.58588
2022-11-23 17:46,0.56091,0.46444,0.58584
2022-11-23 17:47,0.56939,0.46304,0.5946
2022-11-23 17:48,0.56732,0.46124,0.58567
2022-11-23 17:49,0.56899,0.46201,0.59449
2022-11-23 17:50,0.56708,0.46377,0.59408
2022-11-23 17:51,0.56623,0.46218,0.58677
2022-11-23 17:52,0.563,0.46011,0.57854
2022-11-23 17:53,0.56634,0.46543,0.58496
2022-11-23 17:54,0.56637,0.45966,0.58755
2022-11-23 17:55,0.55715,0.45937,0.58875
2022-11-23 17:56,0.5679,0.46234,0.59526
2022-11-23 17:57,0.57374,0.46344,0.59362
2022-11-23 17:58,0.56333,0.45781,0.59186
2022-11-23 17:59,0.56353,0.46264,0.5865
2022-11-23 18:00,0.57411,0.46336,0.59114
2022-11-23 18:01,0.56596,0.46202,0.5982
2022-11-23 18:02,0.56241,0.46289,0.59085
2022-11-23 18:03,0.57378,0.4618,0.58966
2022-11-23 18:04,0.5666,0.46048,0.5835
2022-11-23 18:05,0.5706,0.46557,0.59299
2022-11-23 18:06,0.81404,0.45591,0.79927
2022-11-23 18:07,0.80036,0.45151,0.80092
2022-11-23 18:08,0.81599,0.45232,0.80698
2022-11-23 18:09,0.80437,0.45073,0.79778
2022-11-23 18:10,0.8141,0.45577,0.79493
2022-11-23 18:11,0.81815,0.45911,0.80277
2022-11-23 18:12,0.81635,0.46319,0.8109
2022-11-23 18:13,0.80965,0.4578,0.81254
2022-11-23 18:14,0.82216,0.45423,0.80069
2022-11-23 18:15,0.82076,0.45638,0.80788
2022-11-23 18:16,0.81749,0.45806,0.80096
2022-11-23 18:17,0.81875,0.45635,0.80314
2022-11-23 18:18,0.81246,0.45882,0.80853
2022-11-23 18:19,0.81952,0.45998,0.81501
2022-11-23 18:20,0.81418,0.46116,0.80349
2022-11-23 18:21,0.80826,0.45748,0.80379
2022-11-23 18:22,0.81414,0.45682,0.80077
2022-11-23 18:23,0.80472,0.45494,0.79552
2022-11-23 18:24,0.80343,0.4577,0.80301
2022-11-23 18:25,0.80849,0.45958,0.80435
2022-11-23 18:26,0.80721,0.45966,0.79987
2022-11-23 18:27,0.8091,0.45992,0.79428
2022-11-23 18:28,0.80504,0.46132,0.79931
2022-11-23 18:29,0.80843,0.46383,0.80521
2022-11-23 18:30,0.80215,0.46161,0.79852
2022-11-23 18:31,0.80577,0.45821,0.79399
2022-11-23 18:32,0.8061,0.46042,0.79497
2022-11-23 18:33,0.80822,0.46205,0.80569
2022-11-23 18:34,0.80861,0.46035,0.79582
2022-11-23 18:35,0.80399,0.45841,0.79861
2022-11-23 18:36,0.80743,0.46108,0.80371
2022-11-23 18:37,0.80906,0.45971,0.80128
2022-11-23 18:38,0.80609,0.46118,0.80048
2022-11-23 18:39,0.81377,0.46184,0.79871
2022-11-23 18:40,0.80735,0.46092,0.803
2022-11-23 18:41,0.81012,0.46444,0.80366
2022-11-23 18:42,0.81609,0.4657,0.81225
2022-11-23 18:43,0.81171,0.46593,0.80259
2022-11-23 18:44,0.8105,0.46207,0.80165
2022-11-23 18:45,0.81083,0.46424,0.80969
2022-11-23 18:46,0.81007,0.46523,0.80775
2022-11-23 18:47,0.8125,0.46149,0.7922
2022-11-23 18:48,0.81449,0.45969,0.80541
2022-11-23 18:49,0.80615,0.46254,0.80124
2022-11-23 18:50,0.81645,0.46362,0.80452
2022-11-23 18:51,0.81253,0.4644,0.80916
2022-11-23 18:52,0.81237,0.46706,0.80577
2022-11-23 18:53,0.80856,0.46229,0.80912
2022-11-23 18:54,0.80965,0.46164,0.79772
2022-11-23 18:55,0.80851,0.4547,0.79456
2022-11-23 18:56,0.80415,0.45607,0.79255
2022-11-23 18:57,0.81003,0.46427,0.80146
2022-11-23 18:58,0.80925,0.46385,0.80717
2022-11-23 18:59,0.80963,0.46325,0.80498
2022-11-23 19:00,0.80939,0.46286,0.80543
2022-11-23 19:01,0.80356,0.46204,0.79768
2022-11-23 19:02,0.81103,0.46448,0.80758
2022-11-23 19:03,0.80112,0.45674,0.79411
2022-11-23 19:04,0.80019,0.46075,0.80827
2022-11-23 19:05,0.81238,0.45756,0.79591
2022-11-23 19:06,0.80625,0.45856,0.79697
2022-11-23 19:07,0.80616,0.45743,0.80357
2022-11-23 19:08,0.79973,0.45867,0.79267
2022-11-23 19:09,0.79665,0.45651,0.79148
2022-11-23 19:10,0.80437,0.46122,0.80411
2022-11-23 19:11,0.80552,0.46151,0.80116
2022-11-23 19:12,0.80728,0.46033,0.80738
2022-11-23 19:13,0.80232,0.46159,0.79746
2022-11-23 19:14,0.79911,0.45686,0.78851
2022-11-23 19:15,0.80573,0.45803,0.79574
2022-11-23 19:16,0.80242,0.45917,0.79698
2022-11-23 19:17,0.80789,0.46105,0.7994
2022-11-23 19:18,0.81076,0.46221,0.80846
2022-11-23 19:19,0.80426,0.45992,0.79654
2022-11-23 19:20,0.79876,0.46012,0.79226
2022-11-23 19:21,0.80923,0.45362,0.8074
2022-11-23 19:22,0.80361,0.45546,0.80395
2022-11-23 19:23,0.79814,0.45391,0.80701
2022-11-23 19:24,0.80258,0.45588,0.80438
2022-11-23 19:25,0.80776,0.4563,0.80302
2022-11-23 19:26,0.80738,0.45716,0.81336
2022-11-23 19:27,0.81335,0.4548,0.80451
2022-11-23 19:28,0.81877,0.45353,0.80075
2022-11-23 19:29,0.8073,0.45719,0.81072
2022-11-23 19:30,0.80945,0.45282,0.8009
2022-11-23 19:31,0.806,0.45814,0.81341
2022-11-23 19:32,0.80052,0.45473,0.80639
2022-11-23 19:33,0.8052,0.44939,0.79145
2022-11-23 19:34,0.80908,0.45292,0.79379
2022-11-23 19:35,0.80538,0.45679,0.80514
2022-11-23 19:36,0.8096,0.45649,0.80631
2022-11-23 19:37,0.82106,0.45735,0.80015
2022-11-23 19:38,0.82038,0.45541,0.80017
2022-11-23 19:39,0.81347,0.45683,0.81808
2022-11-23 19:40,0.82397,0.46003,0.80749
2022-11-23 19:41,0.82547,0.45606,0.80248
2022-11-23 19:42,1.21438,0.45369,1.14786
2022-11-23 19:43,1.21573,0.45395,1.14605
2022-11-23 19:44,1.21823,0.4551,1.14556
2022-11-23 19:45,1.22322,0.45527,1.14766
2022-11-23 19:46,1.22234,0.45496,1.14875
2022-11-23 19:47,1.22249,0.45227,1.15362
2022-11-23 19:48,1.22368,0.45665,1.14863
2022-11-23 19:49,1.21621,0.45646,1.15885
2022-11-23 19:50,1.22061,0.4505,1.15271
2022-11-23 19:51,1.20519,0.45129,1.14843
2022-11-23 19:52,1.20131,0.45451,1.14867
2022-11-23 19:53,1.22399,0.4553,1.1509
2022-11-23 19:54,1.21653,0.45347,1.1459
2022-11-23 19:55,1.21624,0.45057,1.15613
2022-11-23 19:56,1.22652,0.45367,1.15362
2022-11-23 19:57,1.21351,0.45306,1.16057
2022-11-23 19:58,1.21469,0.45183,1.14882
2022-11-23 19:59,1.21566,0.45064,1.14104
2022-11-23 20:00,1.22085,0.44796,1.14844
2022-11-23 20:01,1.21921,0.45153,1.15627
2022-11-23 20:02,1.21765,0.44933,1.15517
2022-11-23 20:03,1.22563,0.45151,1.14942
2022-11-23 20:04,1.22118,0.44548,1.15135
2022-11-23 20:05,1.21717,0.4438,1.14956
2022-11-23 20:06,1.21765,0.44876,1.14655
2022-11-23 20:07,1.22617,0.44455,1.15566
2022-11-23 20:08,1.21778,0.44971,1.15588
2022-11-23 20:09,1.22003,0.44536,1.15389
2022-11-23 20:10,1.21643,0.44688,1.14956
2022-11-23 20:11,1.21072,0.44266,1.1429
2022-11-23 20:12,1.21151,0.44664,1.1449
2022-11-23 20:13,1.21465,0.44602,1.14906
2022-11-23 20:14,1.21541,0.44594,1.14433
2022-11-23 20:15,1.22509,0.44939,1.14907
2022-11-23 20:16,1.20858,0.44977,1.14326
2022-11-23 20:17,1.21335,0.45094,1.14455
2022-11-23 20:18,1.20846,0.44429,1.14089
2022-11-23 20:19,1.21214,0.44686,1.13882
2022-11-23 20:20,1.21108,0.45264,1.14903
2022-11-23 20:21,1.21852,0.44849,1.1476
2022-11-23 20:22,1.23169,0.45166,1.15808
2022-11-23 20:23,1.22415,0.45222,1.15534
2022-11-23 20:24,1.20895,0.44687,1.14006
2022-11-23 20:25,1.20674,0.4535,1.1392
2022-11-23 20:26,1.2014,0.44389,1.13587
2022-11-23 20:27,1.2054,0.44736,1.13669
2022-11-23 20:28,1.19593,0.4499,1.1291
2022-11-23 20:29,1.18943,0.44893,1.13521
2022-11-23 20:30,1.18871,0.44708,1.1219
2022-11-23 20:31,1.18876,0.44758,1.1213
2022-11-23 20:32,1.19596,0.45019,1.13765
2022-11-23 20:33,1.20456,0.44434,1.13378
2022-11-23 20:34,1.19756,0.45088,1.13929
2022-11-23 20:35,1.20261,0.44716,1.13198
2022-11-23 20:36,1.21232,0.44882,1.13999
2022-11-23 20:37,1.2061,0.44855,1.13447
2022-11-23 20:38,1.20316,0.45239,1.14111
2022-11-23 20:39,1.19603,0.44848,1.13913
2022-11-23 20:40,1.19254,0.45274,1.13507
2022-11-23 20:41,1.20692,0.44965,1.13073
2022-11-23 20:42,1.21662,0.45432,1.1392
2022-11-23 20:43,1.21562,0.45672,1.14569
2022-11-23 20:44,1.1998,0.45186,1.13169
2022-11-23 20:45,1.21187,0.45428,1.14484
2022-11-23 20:46,1.21248,0.45384,1.14106
2022-11-23 20:47,1.21159,0.45623,1.15351
2022-11-23 20:48,1.21341,0.45416,1.13899
2022-11-23 20:49,1.21362,0.45367,1.13421
2022-11-23 20:50,1.21238,0.45784,1.13946
2022-11-23 20:51,1.21263,0.45384,1.14407
2022-11-23 20:52,1.20606,0.45175,1.13942
2022-11-23 20:53,1.19898,0.45484,1.13806
2022-11-23 20:54,1.20537,0.45101,1.13627
2022-11-23 20:55,1.19772,0.45115,1.13059
2022-11-23 20:56,1.19902,0.44953,1.13107
2022-11-23 20:57,1.20017,0.4511,1.12333
2022-11-23 20:58,1.19495,0.44929,1.13071
2022-11-23 20:59,1.19215,0.44547,1.13117
2022-11-23 21:00,1.18636,0.44356,1.1233
2022-11-23 21:01,1.19966,0.44504,1.13024
2022-11-23 21:02,1.18546,0.44672,1.12174
2022-11-23 21:03,1.2021,0.4457,1.12506
2022-11-23 21:04,1.19847,0.44275,1.12588
2022-11-23 21:05,1.19839,0.4509,1.13912
2022-11-23 21:06,1.20883,0.4494,1.13814
2022-11-23 21:07,1.19629,0.44727,1.12744
2022-11-23 21:08,1.1928,0.4507,1.12673
2022-11-23 21:09,1.19679,0.44793,1.12378
2022-11-23 21:10,1.18259,0.4487,1.13126
2022-11-23 21:11,1.18462,0.44457,1.12666
2022-11-23 21:12,1.18391,0.44595,1.1294
2022-11-23 21:13,1.19412,0.44101,1.11717
2022-11-23 21:14,1.19321,0.44489,1.12323
2022-11-23 21:15,1.19444,0.44642,1.12957
2022-11-23 21:16,1.19062,0.44751,1.12878
2022-11-23 21:17,1.20211,0.44748,1.12558
2022-11-23 21:18,1.20607,0.4461,1.12909
2022-11-23 21:19,1.20474,0.44625,1.13709
2022-11-23 21:20,1.19411,0.44318,1.13083
2022-11-23 21:21,1.1938,0.44635,1.13302
2022-11-23 21:22,0.58583,0.71174,0.62723
2022-11-23 21:23,0.58283,0.70848,0.6319
2022-11-23 21:24,0.5826,0.70381,0.64065
2022-11-23 21:25,0.5732,0.71071,0.65046
2022-11-23 21:26,0.57257,0.70904,0.64168
2022-11-23 21:27,0.5731,0.70791,0.64482
2022-11-23 21:28,0.56908,0.70216,0.64135
2022-11-23 21:29,0.58415,0.70777,0.62635
2022-11-23 21:30,0.56696,0.70564,0.63614
2022-11-23 21:31,0.57134,0.70337,0.63922
2022-11-23 21:32,0.58304,0.71198,0.63741
2022-11-23 21:33,0.58002,0.71138,0.64643
2022-11-23 21:34,0.57715,0.71204,0.64144
2022-11-23 21:35,0.58535,0.70875,0.63218
2022-11-23 21:36,0.58593,0.71367,0.63152
2022-11-23 21:37,0.57886,0.71314,0.64754
2022-11-23 21:38,0.58516,0.70884,0.63678
2022-11-23 21:39,0.57801,0.71232,0.64484
2022-11-23 21:40,0.58255,0.71452,0.63522
2022-11-23 21:41,0.57439,0.71485,0.63918
2022-11-23 21:42,0.58224,0.71123,0.6452
2022-11-23 21:43,0.57391,0.71173,0.64839
2022-11-23 21:44,0.5856,0.71163,0.64407
2022-11-23 21:45,0.57958,0.71737,0.64337
2022-11-23 21:46,0.58195,0.71602,0.64491
2022-11-23 21:47,0.57576,0.71275,0.6499
2022-11-23 21:48,0.5778,0.71225,0.64169
2022-11-23 21:49,0.57574,0.71147,0.64697
2022-11-23 21:50,0.57871,0.71468,0.6509
2022-11-23 21:51,0.58342,0.7143,0.63863
2022-11-23 21:52,0.58154,0.71358,0.64412
2022-11-23 21:53,0.58553,0.722,0.65068
2022-11-23 21:54,0.57926,0.71653,0.64865
2022-11-23 21:55,0.5926,0.72508,0.65621
2022-11-23 21:56,0.58278,0.71601,0.65332
2022-11-23 21:57,0.57612,0.71408,0.64593
2022-11-23 21:58,0.57924,0.71444,0.64734
2022-11-23 21:59,0.58056,0.7112,0.64447
2022-11-23 22:00,0.57907,0.71392,0.64324
2022-11-23 22:01,0.58634,0.71819,0.64501
2022-11-23 22:02,0.58258,0.71139,0.6383
2022-11-23 22:03,0.58475,0.71745,0.64642
2022-11-23 22:04,0.59153,0.71499,0.64269
2022-11-23 22:05,0.59959,0.71696,0.64706
2022-11-23 22:06,0.58838,0.71064,0.64754
2022-11-23 22:07,0.58943,0.71474,0.64129
2022-11-23 22:08,0.58761,0.71377,0.64544
2022-11-23 22:09,0.57536,0.70817,0.65156
2022-11-23 22:10,0.58735,0.71139,0.63911
2022-11-23 22:11,0.5868,0.71651,0.64242
2022-11-23 22:12,0.57077,0.70961,0.64584
2022-11-23 22:13,0.5781,0.70957,0.63964
2022-11-23 22:14,0.58503,0.70996,0.64389
2022-11-23 22:15,0.5795,0.70799,0.64841
2022-11-23 22:16,0.58187,0.70644,0.63319
2022-11-23 22:17,0.57622,0.70088,0.63586
2022-11-23 22:18,0.58164,0.70442,0.63727
2022-11-23 22:19,0.57922,0.70505,0.63953
2022-11-23 22:20,0.59319,0.7105,0.63445
2022-11-23 22:21,0.5814,0.70473,0.63743
2022-11-23 22:22,0.57288,0.7038,0.64232
2022-11-23 22:23,0.57347,0.70564,0.63852
2022-11-23 22:24,0.59053,0.70715,0.64027
2022-11-23 22:25,0.59581,0.70701,0.63968
2022-11-23 22:26,0.59159,0.70618,0.63253
2022-11-23 22:27,0.57763,0.70545,0.63318
2022-11-23 22:28,0.56759,0.70596,0.63436
2022-11-23 22:29,0.58144,0.70578,0.63003
2022-11-23 22:30,0.58428,0.70642,0.6396
2022-11-23 22:31,0.57889,0.69895,0.64243
2022-11-23 22:32,0.57293,0.70352,0.64307
2022-11-23 22:33,0.57249,0.70158,0.64359
2022-11-23 22:34,0.58793,0.70753,0.63478
2022-11-23 22:35,0.57145,0.70865,0.64548
2022-11-23 22:36,0.57872,0.70743,0.64147
2022-11-23 22:37,0.57954,0.7078,0.63321
2022-11-23 22:38,0.57758,0.70926,0.64542
2022-11-23 22:39,0.59449,0.70907,0.64177
2022-11-23 22:40,0.57863,0.7086,0.64683
2022-11-23 22:41,0.57554,0.70934,0.64017
2022-11-23 22:42,0.58604,0.71108,0.64834
2022-11-23 22:43,0.58021,0.71094,0.64678
2022-11-23 22:44,0.56814,0.70778,0.64503
2022-11-23 22:45,0.57534,0.70618,0.64705
2022-11-23 22:46,0.56913,0.70608,0.63433
2022-11-23 22:47,0.58207,0.70635,0.635
2022-11-23 22:48,0.56718,0.69926,0.63749
2022-11-23 22:49,0.57614,0.70243,0.64046
2022-11-23 22:50,0.56378,0.69822,0.63316
2022-11-23 22:51,0.57667,0.70279,0.63827
2022-11-23 22:52,0.57578,0.69818,0.62273
2022-11-23 22:53,0.58154,0.7095,0.6301
2022-11-23 22:54,0.58298,0.70262,0.63004
2022-11-23 22:55,0.56654,0.7028,0.64011
2022-11-23 22:56,0.56421,0.69888,0.63169
2022-11-23 22:57,0.58188,0.70163,0.62308
2022-11-23 22:58,0.56932,0.70576,0.64418
2022-11-23 22:59,0.81744,0.69446,0.84319
2022-11-23 23:00,0.82392,0.6968,0.84354
2022-11-23 23:01,0.82293,0.69878,0.84747
2022-11-23 23:02,0.82657,0.6974,0.84725
2022-11-23 23:03,0.82883,0.7026,0.84256
2022-11-23 23:04,0.82629,0.69815,0.85031
2022-11-23 23:05,0.82752,0.69765,0.83538
2022-11-23 23:06,0.82407,0.69371,0.85129
2022-11-23 23:07,0.82381,0.69824,0.83467
2022-11-23 23:08,0.82625,0.70141,0.84602
2022-11-23 23:09,0.81816,0.69603,0.84707
2022-11-23 23:10,0.82114,0.69706,0.84259
2022-11-23 23:11,0.82908,0.7012,0.84173
2022-11-23 23:12,0.82441,0.70033,0.85343
2022-11-23 23:13,0.82329,0.69827,0.8483
2022-11-23 23:14,0.82114,0.69916,0.85024
2022-11-23 23:15,0.82516,0.70254,0.85007
2022-11-23 23:16,0.82852,0.70764,0.84741
2022-11-23 23:17,0.82889,0.70364,0.854
2022-11-23 23:18,0.83107,0.70053,0.84773
2022-11-23 23:19,0.82518,0.69887,0.84235
2022-11-23 23:20,0.83322,0.70447,0.84464
2022-11-23 23:21,0.82464,0.70443,0.85582
2022-11-23 23:22,0.82693,0.70183,0.85521
2022-11-23 23:23,0.82933,0.70448,0.85142
2022-11-23 23:24,0.83243,0.70166,0.84503
2022-11-23 23:25,0.83544,0.70828,0.86248
2022-11-23 23:26,0.82669,0.70497,0.85079
2022-11-23 23:27,0.83268,0.70604,0.85667
2022-11-23 23:28,0.83546,0.70649,0.85878
2022-11-23 23:29,0.84621,0.70306,0.84563
2022-11-23 23:30,0.83341,0.70471,0.84829
2022-11-23 23:31,0.82615,0.70902,0.86245
2022-11-23 23:32,0.8286,0.70179,0.85855
2022-11-23 23:33,0.83106,0.70434,0.8439
2022-11-23 23:34,0.83051,0.70083,0.84737
2022-11-23 23:35,0.82212,0.70192,0.84158
2022-11-23 23:36,0.8328,0.69845,0.85469
2022-11-23 23:37,0.82994,0.70127,0.85286
2022-11-23 23:38,0.82237,0.69781,0.84374
2022-11-23 23:39,0.82069,0.69742,0.85365
2022-11-23 23:40,0.82462,0.69993,0.84381
2022-11-23 23:41,0.82136,0.69384,0.85022
2022-11-23 23:42,0.82695,0.69842,0.8528
2022-11-23 23:43,1.14778,0.68507,1.10795
2022-11-23 23:44,1.14359,0.68523,1.1105
2022-11-23 23:45,1.14003,0.68228,1.10634
2022-11-23 23:46,1.14048,0.68183,1.10617
2022-11-23 23:47,1.1414,0.68717,1.11432
2022-11-23 23:48,1.15637,0.68896,1.12059
2022-11-23 23:49,1.15064,0.68759,1.11632
2022-11-23 23:50,1.14458,0.68354,1.1085
2022-11-23 23:51,1.14182,0.68218,1.09561
2022-11-23 23:52,1.1372,0.68411,1.09837
2022-11-23 23:53,1.14467,0.68432,1.11551
2022-11-23 23:54,1.14964,0.68956,1.11192
2022-11-23 23:55,1.14732,0.68841,1.11399
2022-11-23 23:56,1.16196,0.68702,1.11253
2022-11-23 23:57,1.15258,0.68933,1.12132
2022-11-23 23:58,1.15253,0.69049,1.10834
2022-11-23 23:59,1.15706,0.69115,1.11658
2022-11-24 0:00,1.15163,0.68795,1.11738
2022-11-24 0:01,1.15945,0.6861,1.12514
2022-11-24 0:02,1.14348,0.69272,1.11635
2022-11-24 0:03,1.16426,0.69327,1.11391
2022-11-24 0:04,1.15771,0.6972,1.1231
2022-11-24 0:05,1.15228,0.69435,1.11876
2022-11-24 0:06,1.15273,0.69522,1.12688
2022-11-24 0:07,1.14645,0.69434,1.11774
2022-11-24 0:08,1.14138,0.69365,1.11899
2022-11-24 0:09,1.1435,0.69052,1.11047
2022-11-24 0:10,1.14051,0.68752,1.10397
2022-11-24 0:11,1.15,0.68983,1.10523
2022-11-24 0:12,1.14393,0.69503,1.1217
2022-11-24 0:13,1.14471,0.69262,1.11863
2022-11-24 0:14,1.14852,0.69226,1.11102
2022-11-24 0:15,1.1469,0.69376,1.11536
2022-11-24 0:16,1.14102,0.68124,1.10444
2022-11-24 0:17,1.13673,0.68289,1.10148
2022-11-24 0:18,1.14109,0.68841,1.10899
2022-11-24 0:19,1.133,0.68975,1.10719
2022-11-24 0:20,1.13089,0.68811,1.09894
2022-11-24 0:21,1.12692,0.6847,1.09582
2022-11-24 0:22,1.13679,0.68191,1.10128
2022-11-24 0:23,1.13214,0.68964,1.10744
2022-11-24 0:24,1.13353,0.68042,1.1132
2022-11-24 0:25,1.13734,0.68473,1.11383
2022-11-24 0:26,1.13824,0.6818,1.10514
2022-11-24 0:27,1.1496,0.6875,1.11467
2022-11-24 0:28,1.14003,0.68631,1.11193
2022-11-24 0:29,1.14127,0.68537,1.11619
2022-11-24 0:30,1.44347,0.33374,1.31975
2022-11-24 0:31,1.43696,0.33685,1.3314
2022-11-24 0:32,1.44571,0.33996,1.33431
2022-11-24 0:33,1.45792,0.34045,1.35154
2022-11-24 0:34,1.46752,0.33955,1.33577
2022-11-24 0:35,1.46719,0.34333,1.34657
2022-11-24 0:36,1.45741,0.34272,1.35321
2022-11-24 0:37,1.45206,0.3398,1.34421
2022-11-24 0:38,1.45299,0.34513,1.34554
2022-11-24 0:39,1.46126,0.34506,1.35297
2022-11-24 0:40,1.46851,0.34172,1.35223
2022-11-24 0:41,1.45439,0.34463,1.34316
2022-11-24 0:42,1.45298,0.34597,1.34135
2022-11-24 0:43,1.4493,0.34074,1.33205
2022-11-24 0:44,1.44909,0.34414,1.3369
2022-11-24 0:45,1.44909,0.34517,1.33958
2022-11-24 0:46,1.44432,0.34534,1.339
2022-11-24 0:47,1.44864,0.34692,1.33295
2022-11-24 0:48,1.45561,0.35076,1.34822
2022-11-24 0:49,1.45941,0.34944,1.35406
2022-11-24 0:50,1.47037,0.35381,1.35863
2022-11-24 0:51,1.49735,0.35922,1.37941
2022-11-24 0:52,1.4831,0.35731,1.36896
2022-11-24 0:53,1.48408,0.35515,1.36705
2022-11-24 0:54,1.48431,0.35413,1.3682
2022-11-24 0:55,1.49496,0.35175,1.36919
2022-11-24 0:56,1.49541,0.35136,1.37179
2022-11-24 0:57,1.48942,0.35647,1.37776
2022-11-24 0:58,1.48954,0.35768,1.37571
2022-11-24 0:59,1.49057,0.3546,1.38402
2022-11-24 1:00,1.47305,0.35302,1.36688
2022-11-24 1:01,1.4936,0.35487,1.38859
2022-11-24 1:02,1.48996,0.35653,1.38157
2022-11-24 1:03,1.49014,0.35556,1.37697
2022-11-24 1:04,1.49655,0.35852,1.39156
2022-11-24 1:05,1.49044,0.35538,1.37618
2022-11-24 1:06,1.4944,0.35492,1.38705
2022-11-24 1:07,1.49435,0.35476,1.37803
2022-11-24 1:08,1.48555,0.35551,1.3887
2022-11-24 1:09,1.50167,0.35454,1.38334
2022-11-24 1:10,1.4906,0.35491,1.38089
2022-11-24 1:11,1.48643,0.35676,1.37707
2022-11-24 1:12,1.49068,0.35287,1.3758
2022-11-24 1:13,1.50608,0.35005,1.37647
2022-11-24 1:14,1.49522,0.35932,1.38185
2022-11-24 1:15,1.51071,0.35946,1.3966
2022-11-24 1:16,1.51956,0.36001,1.39305
2022-11-24 1:17,1.51626,0.35798,1.4066
2022-11-24 1:18,0.68307,0.84179,0.74863
2022-11-24 1:19,0.67847,0.83722,0.75029
2022-11-24 1:20,0.68077,0.83986,0.75253
2022-11-24 1:21,0.68247,0.84484,0.74614
2022-11-24 1:22,0.68087,0.83549,0.74959
2022-11-24 1:23,0.68331,0.83732,0.75002
2022-11-24 1:24,0.67598,0.83291,0.74661
2022-11-24 1:25,0.67752,0.8439,0.74858
2022-11-24 1:26,0.68144,0.84092,0.74193
2022-11-24 1:27,0.68207,0.8379,0.74975
2022-11-24 1:28,0.68754,0.8462,0.74815
2022-11-24 1:29,0.68023,0.8425,0.75534
2022-11-24 1:30,0.68764,0.84647,0.757
2022-11-24 1:31,0.68711,0.8444,0.74937
2022-11-24 1:32,0.6839,0.8412,0.75185
2022-11-24 1:33,0.68086,0.84441,0.75601
2022-11-24 1:34,0.68068,0.84571,0.74767
2022-11-24 1:35,0.67465,0.83979,0.7532
2022-11-24 1:36,0.68466,0.83781,0.75257
2022-11-24 1:37,0.68499,0.84462,0.75512
2022-11-24 1:38,0.68261,0.84167,0.74837
2022-11-24 1:39,0.68634,0.84742,0.75145
2022-11-24 1:40,0.68729,0.85429,0.75373
2022-11-24 1:41,0.69035,0.84276,0.74739
2022-11-24 1:42,0.68433,0.83977,0.75414
2022-11-24 1:43,0.68501,0.83672,0.7505
2022-11-24 1:44,0.68866,0.84774,0.75444
2022-11-24 1:45,0.68419,0.84277,0.75963
2022-11-24 1:46,0.6871,0.85089,0.75032
2022-11-24 1:47,0.68305,0.83992,0.75338
2022-11-24 1:48,0.68139,0.84097,0.75309
2022-11-24 1:49,0.67978,0.83907,0.74378
2022-11-24 1:50,0.67901,0.84135,0.74266
2022-11-24 1:51,0.68335,0.84654,0.74497
2022-11-24 1:52,0.68279,0.83711,0.75123
2022-11-24 1:53,0.68488,0.84879,0.75575
2022-11-24 1:54,0.6837,0.84158,0.75182
2022-11-24 1:55,0.68759,0.84328,0.74567
2022-11-24 1:56,0.68102,0.84386,0.74739
2022-11-24 1:57,0.68654,0.83882,0.74349
2022-11-24 1:58,0.68392,0.84386,0.75095
2022-11-24 1:59,0.68232,0.8434,0.74884
2022-11-24 2:00,0.68518,0.83732,0.75028
2022-11-24 2:01,0.68748,0.83186,0.74452
2022-11-24 2:02,0.67521,0.83472,0.74022
2022-11-24 2:03,0.6782,0.83543,0.74264
2022-11-24 2:04,0.67325,0.8357,0.74345
2022-11-24 2:05,1.52234,0.82032,1.4557
2022-11-24 2:06,1.53073,0.8199,1.46069
2022-11-24 2:07,1.53938,0.82351,1.47188
2022-11-24 2:08,1.542,0.82144,1.4802
2022-11-24 2:09,1.54997,0.81806,1.46459
2022-11-24 2:10,1.54631,0.8223,1.47502
2022-11-24 2:11,1.52821,0.82856,1.47421
2022-11-24 2:12,1.53733,0.82144,1.4657
2022-11-24 2:13,1.53921,0.82996,1.4712
2022-11-24 2:14,1.54276,0.82433,1.48213
2022-11-24 2:15,1.54715,0.82676,1.47574
2022-11-24 2:16,1.54699,0.82668,1.46161
2022-11-24 2:17,1.54343,0.8255,1.4667
2022-11-24 2:18,1.55282,0.82666,1.4768
2022-11-24 2:19,1.55545,0.83265,1.48375
2022-11-24 2:20,1.55504,0.82683,1.47745
2022-11-24 2:21,1.55006,0.82901,1.47229
2022-11-24 2:22,1.5385,0.83385,1.47124
2022-11-24 2:23,1.55999,0.83022,1.48402
2022-11-24 2:24,1.54504,0.83026,1.475
2022-11-24 2:25,1.54573,0.83057,1.47726
2022-11-24 2:26,1.5538,0.8253,1.47373
2022-11-24 2:27,1.5448,0.83438,1.47407
2022-11-24 2:28,1.5542,0.82503,1.48677
2022-11-24 2:29,1.56457,0.83712,1.487
2022-11-24 2:30,1.5701,0.82876,1.49708
2022-11-24 2:31,1.5632,0.83561,1.4845
2022-11-24 2:32,1.57131,0.82787,1.48965
2022-11-24 2:33,1.54989,0.8319,1.49087
2022-11-24 2:34,1.56118,0.8261,1.48477
2022-11-24 2:35,1.55795,0.82926,1.4862
2022-11-24 2:36,1.57107,0.8325,1.50073
2022-11-24 2:37,1.54868,0.82649,1.48208
2022-11-24 2:38,1.56048,0.82433,1.4875
2022-11-24 2:39,1.55541,0.83117,1.48744
2022-11-24 2:40,1.56308,0.82751,1.49497
2022-11-24 2:41,1.55995,0.82906,1.49106
2022-11-24 2:42,1.54298,0.8286,1.47709
2022-11-24 2:43,1.5631,0.83077,1.48723
2022-11-24 2:44,1.56512,0.82857,1.48292
2022-11-24 2:45,1.56809,0.82706,1.48848
2022-11-24 2:46,1.56677,0.82684,1.48697
2022-11-24 2:47,1.57081,0.82576,1.4968
2022-11-24 2:48,1.5675,0.82821,1.50633
2022-11-24 2:49,1.56586,0.83199,1.50068
2022-11-24 2:50,1.56989,0.83313,1.49746
2022-11-24 2:51,1.58473,0.83097,1.50204
2022-11-24 2:52,1.58261,0.82226,1.49865
2022-11-24 2:53,1.59269,0.83338,1.52013
2022-11-24 2:54,1.61124,0.83554,1.52933
